<?xml version="1.0" encoding="UTF-8"?>
<!DOCTYPE mapper PUBLIC "-//mybatis.org//DTD Mapper 3.0//EN" "http://mybatis.org/dtd/mybatis-3-mapper.dtd">
<mapper namespace="Teacher">

	
	<!--전체 가져오기 -->
	<select id="selectAll" resultType="Teacher">
		select * from teacher order by teacher_idx asc
	</select>

	<!-- 강사 한명 조회하기 -->
	<select id="select" parameterType="int" resultType="Teacher">
		select * from teacher where member_idx=#{member_idx}
	</select>
	
	<!-- 선생의 member_idx 가져오기 -->
	<select id="selectByTeacher" parameterType="int" resultType="Member">
		select member_idx from member
		where teacher_idx = #{teacher_idx}
	</select>
	
	<!--한 건 넣기 -->
	<insert id="insert" parameterType="Teacher">
		insert into teacher(teacher_idx) 
		values(seq_teacher_idx.nextval, #{teacher_idx})
	</insert>
	
	<!--수정할 필요 없음 -->
	
	<!--한 건 삭제하기 -->
	<delete id="delete" parameterType="int">
		delete from teacher where teacher_idx=#{teacher_idx} 
	</delete>

</mapper>