<?xml version="1.0" encoding="UTF-8"?>
<!DOCTYPE mapper PUBLIC "-//mybatis.org//DTD Mapper 3.0//EN" "http://mybatis.org/dtd/mybatis-3-mapper.dtd">
<mapper namespace="Wish">
	<resultMap type="Wish" id="wishMap">
		<id column="wish_idx" property="wish_idx"/>
		
		<association column="member_idx" property="member" 
							javaType="Member" select="Member.select"/>
							
		<association column="subject_idx" property="subject" 
							javaType="Subject" select="Subject.select"/>
	</resultMap>
	
	<!-- 회원의 찜 목록 -->
	<select id="selectAll" parameterType="Member" resultMap="wishMap">
		select * from wish where member_idx=#{member_idx}
	</select>
	
	<!--  하나의 위시리스트 골라오가  -->
	<select id="select" parameterType="int"> 
		select * from wish where wish_idx=#{wish_idx} 
	</select>
	
	<!--  위시리스트 삭제  -->
	<delete id="delete" parameterType="int"> 
		delete from wish where wish_idx=#{wish_idx} 
	</delete>

</mapper>